{
  "profile": "btc15m_highwin_lowdd_2026_03_02",
  "entry_threshold_base": 0.8982235432727476,
  "entry_threshold_cap": 0.9282235432727476,
  "spread_limit_prob": 0.016993414231270317,
  "entry_edge_prob": 0.018356787652787136,
  "entry_min_potential_cents": 21.17223391278699,
  "entry_max_price_cents": 72.76631691388542,
  "min_hold_ms": 3402,
  "stop_loss_cents": 17.294715555684526,
  "reverse_signal_threshold": -0.04683346300207342,
  "reverse_signal_ticks": 1,
  "trail_activate_profit_cents": 28.694367016110988,
  "trail_drawdown_cents": 16.98360914873638,
  "take_profit_near_max_cents": 97.18322746655318,
  "endgame_take_profit_cents": 87.64657040731302,
  "endgame_remaining_ms": 16491,
  "liquidity_widen_prob": 0.07021845116613848,
  "cooldown_ms": 1743,
  "max_entries_per_round": 2,
  "max_exec_spread_cents": 2.036509456881631,
  "slippage_cents_per_side": 0.07030273871496183,
  "fee_cents_per_side": 0.05756236147802781,
  "emergency_wide_spread_penalty_ratio": 0.0960558103033064
}
