{
  "profile": "btc15m_overall_2026_03_14",
  "entry_threshold_base": 0.8778426458424062,
  "entry_threshold_cap": 0.941154272220459,
  "spread_limit_prob": 0.030697169584239948,
  "entry_edge_prob": 0.0373510369141804,
  "entry_min_potential_cents": 19.444894824572977,
  "entry_max_price_cents": 65.17784700310176,
  "min_hold_ms": 13318,
  "stop_loss_cents": 16.19499803756247,
  "reverse_signal_threshold": -0.10759786070417271,
  "reverse_signal_ticks": 6,
  "trail_activate_profit_cents": 27.22169453317154,
  "trail_drawdown_cents": 14.407083607976439,
  "take_profit_near_max_cents": 99.5,
  "endgame_take_profit_cents": 92.00909525733069,
  "endgame_remaining_ms": 17462,
  "liquidity_widen_prob": 0.05898777652614458,
  "cooldown_ms": 0,
  "max_entries_per_round": 2,
  "max_exec_spread_cents": 1.8900439884608304,
  "slippage_cents_per_side": 0.07030273871496183,
  "emergency_wide_spread_penalty_ratio": 0.33841152785560147,
  "stop_loss_grace_ticks": 1,
  "stop_loss_hard_mult": 1.45,
  "stop_loss_reverse_extra_ticks": 0,
  "loss_cluster_limit": 3,
  "loss_cluster_cooldown_ms": 31954,
  "noise_gate_enabled": false,
  "noise_gate_threshold_add": 0.031685627241599054,
  "noise_gate_edge_add": 0.017695551557187616,
  "noise_gate_spread_scale": 0.934087175186731,
  "vic_enabled": true,
  "vic_target_entries_per_hour": 14.0,
  "vic_deadband_ratio": 0.1473730768957631,
  "vic_threshold_relax_max": 0.029922359006625238,
  "vic_edge_relax_max": 0.006175244181024549,
  "vic_spread_relax_max": 0.07198948667525959,
  "fee_cents_per_side": 0.0
}
