{
  "profile": "btc5m_highwin_2026_03_07",
  "entry_threshold_base": 0.8982235432727476,
  "entry_threshold_cap": 0.9282235432727476,
  "spread_limit_prob": 0.02439836783513124,
  "entry_edge_prob": 0.018356787652787136,
  "entry_min_potential_cents": 21.17223391278699,
  "entry_max_price_cents": 75.52831419817902,
  "min_hold_ms": 3402,
  "stop_loss_cents": 16.127324932603138,
  "reverse_signal_threshold": -0.04683346300207342,
  "reverse_signal_ticks": 1,
  "trail_activate_profit_cents": 28.694367016110988,
  "trail_drawdown_cents": 16.98360914873638,
  "take_profit_near_max_cents": 99.5,
  "endgame_take_profit_cents": 93.55513599829052,
  "endgame_remaining_ms": 16491,
  "liquidity_widen_prob": 0.06143177168730615,
  "cooldown_ms": 4654,
  "max_entries_per_round": 2,
  "max_exec_spread_cents": 2.036509456881631,
  "slippage_cents_per_side": 0.07030273871496183,
  "fee_cents_per_side": 0.0,
  "emergency_wide_spread_penalty_ratio": 0.2
}
