{
  "profile": "btc5m_balance_2026_03_06",
  "entry_threshold_base": 0.7831850419345175,
  "entry_threshold_cap": 0.99,
  "spread_limit_prob": 0.034650575054196706,
  "entry_edge_prob": 0.03377344663392838,
  "entry_min_potential_cents": 11.649013123181888,
  "entry_max_price_cents": 80.32050903268926,
  "min_hold_ms": 0,
  "stop_loss_cents": 20.2357558174703,
  "reverse_signal_threshold": -0.12642467385409162,
  "reverse_signal_ticks": 1,
  "trail_activate_profit_cents": 29.073439116395964,
  "trail_drawdown_cents": 15.251848246971681,
  "take_profit_near_max_cents": 95.85353216440885,
  "endgame_take_profit_cents": 97.27772783424335,
  "endgame_remaining_ms": 20518,
  "liquidity_widen_prob": 0.06458960245519976,
  "cooldown_ms": 2147,
  "max_entries_per_round": 3,
  "max_exec_spread_cents": 1.8370977760095366,
  "slippage_cents_per_side": 0.10036573476058915,
  "fee_cents_per_side": 0.10579487510978425,
  "emergency_wide_spread_penalty_ratio": 0.24004592137073613
}
