{
  "profile": "btc5m_overall_2026_03_14",
  "entry_threshold_base": 0.7766538182918103,
  "entry_threshold_cap": 0.99,
  "spread_limit_prob": 0.04064424311196532,
  "entry_edge_prob": 0.035764431478854025,
  "entry_min_potential_cents": 9.758067232069616,
  "entry_max_price_cents": 82.29420573148103,
  "min_hold_ms": 0,
  "stop_loss_cents": 21.154206030200243,
  "reverse_signal_threshold": -0.12642467385409162,
  "reverse_signal_ticks": 1,
  "trail_activate_profit_cents": 24.94731465743872,
  "trail_drawdown_cents": 15.520372584806706,
  "take_profit_near_max_cents": 96.2158705280565,
  "endgame_take_profit_cents": 95.74221204070014,
  "endgame_remaining_ms": 24492,
  "liquidity_widen_prob": 0.06458960245519976,
  "cooldown_ms": 0,
  "max_entries_per_round": 4,
  "max_exec_spread_cents": 1.6110526835779044,
  "slippage_cents_per_side": 0.10036573476058915,
  "emergency_wide_spread_penalty_ratio": 0.27344545764305883,
  "stop_loss_grace_ticks": 2,
  "stop_loss_hard_mult": 1.4005029108027514,
  "stop_loss_reverse_extra_ticks": 2,
  "loss_cluster_limit": 4,
  "loss_cluster_cooldown_ms": 26187,
  "noise_gate_enabled": true,
  "noise_gate_threshold_add": 0.034871365371456686,
  "noise_gate_edge_add": 0.0,
  "noise_gate_spread_scale": 0.8922885861188254,
  "vic_enabled": true,
  "vic_target_entries_per_hour": 9.069542359564746,
  "vic_deadband_ratio": 0.08730620084158114,
  "vic_threshold_relax_max": 0.01718202129042508,
  "vic_edge_relax_max": 0.001313112533769329,
  "vic_spread_relax_max": 0.10905957970674482,
  "fee_cents_per_side": 0.0
}
