{
  "profile": "cand_growth_mix_2026_02_28",
  "entry_threshold_base": 0.7996697997497385,
  "entry_threshold_cap": 0.99,
  "spread_limit_prob": 0.04383330249581228,
  "entry_edge_prob": 0.006583305481398134,
  "entry_min_potential_cents": 23.554519107808108,
  "entry_max_price_cents": 75.48156075488825,
  "min_hold_ms": 406,
  "stop_loss_cents": 21.10061478699938,
  "reverse_signal_threshold": -0.2504710423293769,
  "reverse_signal_ticks": 4,
  "trail_activate_profit_cents": 22.52846740256911,
  "trail_drawdown_cents": 14.579074544933382,
  "take_profit_near_max_cents": 99.5,
  "endgame_take_profit_cents": 93.77424625997885,
  "endgame_remaining_ms": 18077,
  "liquidity_widen_prob": 0.06181790968658127,
  "cooldown_ms": 7580,
  "max_entries_per_round": 2,
  "max_exec_spread_cents": 2.163925319960545,
  "slippage_cents_per_side": 0.1353580016533842,
  "fee_cents_per_side": 0.03776880159417778,
  "emergency_wide_spread_penalty_ratio": 0.2152594179877152
}
