{
  "profile": "eth5m_overall_2026_03_14",
  "entry_threshold_base": 0.8203650702902981,
  "entry_threshold_cap": 0.9849918027705858,
  "spread_limit_prob": 0.030392489219250515,
  "entry_edge_prob": 0.026642089679754222,
  "entry_min_potential_cents": 20.154522797899034,
  "entry_max_price_cents": 68.2126276520896,
  "min_hold_ms": 0,
  "stop_loss_cents": 17.400294769260938,
  "reverse_signal_threshold": -0.05991064227301866,
  "reverse_signal_ticks": 3,
  "trail_activate_profit_cents": 27.87295634723643,
  "trail_drawdown_cents": 15.340040835594506,
  "take_profit_near_max_cents": 98.24233580547272,
  "endgame_take_profit_cents": 92.77349249743148,
  "endgame_remaining_ms": 21892,
  "liquidity_widen_prob": 0.04226146485894885,
  "cooldown_ms": 5482,
  "max_entries_per_round": 3,
  "max_exec_spread_cents": 1.980741378455773,
  "slippage_cents_per_side": 0.14515338668372577,
  "emergency_wide_spread_penalty_ratio": 0.3373239363932149,
  "stop_loss_grace_ticks": 3,
  "stop_loss_hard_mult": 1.45,
  "stop_loss_reverse_extra_ticks": 1,
  "loss_cluster_limit": 3,
  "loss_cluster_cooldown_ms": 26440,
  "noise_gate_enabled": true,
  "noise_gate_threshold_add": 0.031188759277258792,
  "noise_gate_edge_add": 0.008,
  "noise_gate_spread_scale": 0.8919080701388968,
  "vic_enabled": true,
  "vic_target_entries_per_hour": 12.952097377413534,
  "vic_deadband_ratio": 0.08604096766634428,
  "vic_threshold_relax_max": 0.03519497381480163,
  "vic_edge_relax_max": 0.008,
  "vic_spread_relax_max": 0.09848855704142763,
  "fee_cents_per_side": 0.0
}
