{
  "profile": "manual_profit_2026_02_27",
  "entry_threshold_base": 0.7648018927349015,
  "entry_threshold_cap": 0.9647451047765403,
  "spread_limit_prob": 0.024340597122006542,
  "entry_edge_prob": 0.064380899249101,
  "entry_min_potential_cents": 17.0968793084938,
  "entry_max_price_cents": 69.47620948260095,
  "min_hold_ms": 3605,
  "stop_loss_cents": 11.025787085477482,
  "reverse_signal_threshold": -0.16696082322324335,
  "reverse_signal_ticks": 2,
  "trail_activate_profit_cents": 25.088082646307992,
  "trail_drawdown_cents": 17.14563759449087,
  "take_profit_near_max_cents": 95.55240141360554,
  "endgame_take_profit_cents": 95.24514409275217,
  "endgame_remaining_ms": 23370,
  "liquidity_widen_prob": 0.0713737888267035,
  "cooldown_ms": 1071,
  "max_entries_per_round": 3,
  "max_exec_spread_cents": 1.3131367931626825,
  "slippage_cents_per_side": 0.11849943264759202,
  "fee_cents_per_side": 0.043063295928397194,
  "emergency_wide_spread_penalty_ratio": 0.2799064788538196
}
