{
  "profile": "manual_hi_win_2026_02_27",
  "entry_threshold_base": 0.7928044963810135,
  "entry_threshold_cap": 0.9849918027705858,
  "spread_limit_prob": 0.028629416086831005,
  "entry_edge_prob": 0.06259309494575992,
  "entry_min_potential_cents": 17.245351179461537,
  "entry_max_price_cents": 65.17784700310176,
  "min_hold_ms": 3235,
  "stop_loss_cents": 13.14946542892194,
  "reverse_signal_threshold": -0.10037499713079152,
  "reverse_signal_ticks": 4,
  "trail_activate_profit_cents": 24.393265002393424,
  "trail_drawdown_cents": 17.632807444464234,
  "take_profit_near_max_cents": 97.73898243530077,
  "endgame_take_profit_cents": 93.1420351179262,
  "endgame_remaining_ms": 24778,
  "liquidity_widen_prob": 0.0620961928172456,
  "cooldown_ms": 2671,
  "max_entries_per_round": 3,
  "max_exec_spread_cents": 1.1661721107208205,
  "slippage_cents_per_side": 0.14515338668372577,
  "fee_cents_per_side": 0.05331355583758494,
  "emergency_wide_spread_penalty_ratio": 0.20954404654691547
}
