{
  "profile": "manual_guarded_2026_02_27",
  "entry_threshold_base": 0.8451419584472384,
  "entry_threshold_cap": 0.99,
  "spread_limit_prob": 0.015694069488516156,
  "entry_edge_prob": 0.07210167026630539,
  "entry_min_potential_cents": 20.73233097526572,
  "entry_max_price_cents": 80.7538237080184,
  "min_hold_ms": 14112,
  "stop_loss_cents": 13.210469836103371,
  "reverse_signal_threshold": -0.36953917434313555,
  "reverse_signal_ticks": 5,
  "trail_activate_profit_cents": 29.87885173281446,
  "trail_drawdown_cents": 11.010714809698275,
  "take_profit_near_max_cents": 99.5,
  "endgame_take_profit_cents": 97.52529775928124,
  "endgame_remaining_ms": 19107,
  "liquidity_widen_prob": 0.07266197974963975,
  "cooldown_ms": 0,
  "max_entries_per_round": 1,
  "max_exec_spread_cents": 1.0109050661003918,
  "slippage_cents_per_side": 0.09446821368919456,
  "fee_cents_per_side": 0.0,
  "emergency_wide_spread_penalty_ratio": 0.2903134369176496
}
