{
  "profile": "manual_profit_plus_2026_02_27",
  "entry_threshold_base": 0.7681276377574093,
  "entry_threshold_cap": 0.9269633865328087,
  "spread_limit_prob": 0.02675442227522917,
  "entry_edge_prob": 0.07693517885672351,
  "entry_min_potential_cents": 17.4835931102258,
  "entry_max_price_cents": 68.17688477883828,
  "min_hold_ms": 10638,
  "stop_loss_cents": 14.915073819425104,
  "reverse_signal_threshold": -0.18348107050149476,
  "reverse_signal_ticks": 2,
  "trail_activate_profit_cents": 24.670247046619748,
  "trail_drawdown_cents": 17.505644264595224,
  "take_profit_near_max_cents": 95.80036373375853,
  "endgame_take_profit_cents": 95.26774641680016,
  "endgame_remaining_ms": 21736,
  "liquidity_widen_prob": 0.07541743773418815,
  "cooldown_ms": 450,
  "max_entries_per_round": 3,
  "max_exec_spread_cents": 1.4379246342151217,
  "slippage_cents_per_side": 0.12104354415982855,
  "fee_cents_per_side": 0.0,
  "emergency_wide_spread_penalty_ratio": 0.2551987452385947
}
