{
  "profile": "manual_profit_max_2026_02_27",
  "entry_threshold_base": 0.7369682327402423,
  "entry_threshold_cap": 0.9497259999257743,
  "spread_limit_prob": 0.023675384305404043,
  "entry_edge_prob": 0.07006913988697057,
  "entry_min_potential_cents": 18.135042971301328,
  "entry_max_price_cents": 70.62354055896994,
  "min_hold_ms": 2277,
  "stop_loss_cents": 11.992982528968525,
  "reverse_signal_threshold": -0.15512720801233063,
  "reverse_signal_ticks": 2,
  "trail_activate_profit_cents": 26.093956734426936,
  "trail_drawdown_cents": 16.820471088753425,
  "take_profit_near_max_cents": 97.02669954722674,
  "endgame_take_profit_cents": 95.62661300231477,
  "endgame_remaining_ms": 23453,
  "liquidity_widen_prob": 0.06300478937274487,
  "cooldown_ms": 2268,
  "max_entries_per_round": 3,
  "max_exec_spread_cents": 1.2249300342458038,
  "slippage_cents_per_side": 0.13017362950853426,
  "fee_cents_per_side": 0.0,
  "emergency_wide_spread_penalty_ratio": 0.29593221663217434
}
