{
  "profile": "manual_hi_freq_2026_02_27",
  "entry_threshold_base": 0.7686523821483723,
  "entry_threshold_cap": 0.99,
  "spread_limit_prob": 0.031050931460392672,
  "entry_edge_prob": 0.04397227060534279,
  "entry_min_potential_cents": 11.713295063203187,
  "entry_max_price_cents": 74.19641304603604,
  "min_hold_ms": 4271,
  "stop_loss_cents": 13.44825602224101,
  "reverse_signal_threshold": -0.24517460190661405,
  "reverse_signal_ticks": 2,
  "trail_activate_profit_cents": 23.872099447769717,
  "trail_drawdown_cents": 15.457789629059327,
  "take_profit_near_max_cents": 97.32996482850581,
  "endgame_take_profit_cents": 97.27772783424335,
  "endgame_remaining_ms": 23313,
  "liquidity_widen_prob": 0.0671475985081152,
  "cooldown_ms": 7196,
  "max_entries_per_round": 3,
  "max_exec_spread_cents": 1.2418651648940238,
  "slippage_cents_per_side": 0.12346479836309485,
  "fee_cents_per_side": 0.03,
  "emergency_wide_spread_penalty_ratio": 0.197306675940024
}
