{
  "profile": "sol5m_overall_2026_03_14",
  "entry_threshold_base": 0.7476638018261539,
  "entry_threshold_cap": 0.99,
  "spread_limit_prob": 0.034650575054196706,
  "entry_edge_prob": 0.046759447063392426,
  "entry_min_potential_cents": 8.144850247202086,
  "entry_max_price_cents": 77.06040438026302,
  "min_hold_ms": 0,
  "stop_loss_cents": 20.2357558174703,
  "reverse_signal_threshold": -0.11683398085856266,
  "reverse_signal_ticks": 2,
  "trail_activate_profit_cents": 29.073439116395964,
  "trail_drawdown_cents": 16.82299393297926,
  "take_profit_near_max_cents": 97.70093982981771,
  "endgame_take_profit_cents": 93.5644303775527,
  "endgame_remaining_ms": 20281,
  "liquidity_widen_prob": 0.05963259775951625,
  "cooldown_ms": 2147,
  "max_entries_per_round": 4,
  "max_exec_spread_cents": 1.6807376190292096,
  "slippage_cents_per_side": 0.10036573476058915,
  "emergency_wide_spread_penalty_ratio": 0.24004592137073613,
  "stop_loss_grace_ticks": 1,
  "stop_loss_hard_mult": 1.4884831491605701,
  "stop_loss_reverse_extra_ticks": 0,
  "loss_cluster_limit": 2,
  "loss_cluster_cooldown_ms": 20815,
  "noise_gate_enabled": true,
  "noise_gate_threshold_add": 0.025626075399524984,
  "noise_gate_edge_add": 0.012429358397724034,
  "noise_gate_spread_scale": 0.9,
  "vic_enabled": true,
  "vic_target_entries_per_hour": 14.187921528784052,
  "vic_deadband_ratio": 0.08,
  "vic_threshold_relax_max": 0.014548408826398325,
  "vic_edge_relax_max": 0.008,
  "vic_spread_relax_max": 0.09270145980394476,
  "fee_cents_per_side": 0.0
}
