{
  "profile": "sol5m_balance_2026_03_07",
  "entry_threshold_base": 0.7476638018261539,
  "entry_threshold_cap": 0.99,
  "spread_limit_prob": 0.02439836783513124,
  "entry_edge_prob": 0.03564878183858613,
  "entry_min_potential_cents": 10.066531527622889,
  "entry_max_price_cents": 76.4997564566711,
  "min_hold_ms": 0,
  "stop_loss_cents": 16.65812653820055,
  "reverse_signal_threshold": -0.1770513110145612,
  "reverse_signal_ticks": 1,
  "trail_activate_profit_cents": 24.99799978463737,
  "trail_drawdown_cents": 16.82299393297926,
  "take_profit_near_max_cents": 99.5,
  "endgame_take_profit_cents": 93.5644303775527,
  "endgame_remaining_ms": 20518,
  "liquidity_widen_prob": 0.06143177168730615,
  "cooldown_ms": 7691,
  "max_entries_per_round": 4,
  "max_exec_spread_cents": 1.6807376190292096,
  "slippage_cents_per_side": 0.10036573476058915,
  "fee_cents_per_side": 0.0,
  "emergency_wide_spread_penalty_ratio": 0.2
}
