{
  "profile": "strict_no_autotune_2026_02_26",
  "entry_threshold_base": 0.5974897596832403,
  "entry_threshold_cap": 0.8445281582196084,
  "spread_limit_prob": 0.023219988756074554,
  "entry_edge_prob": 0.03139843811607734,
  "entry_min_potential_cents": 10.14705380694935,
  "entry_max_price_cents": 75.93741099259525,
  "min_hold_ms": 3475,
  "stop_loss_cents": 4.094248266919752,
  "reverse_signal_threshold": -0.68824813079899,
  "reverse_signal_ticks": 1,
  "trail_activate_profit_cents": 2.693031061201522,
  "trail_drawdown_cents": 2.791041275329463,
  "take_profit_near_max_cents": 89.6868393303587,
  "endgame_take_profit_cents": 88.69503839734718,
  "endgame_remaining_ms": 17270,
  "liquidity_widen_prob": 0.1108363526508022,
  "cooldown_ms": 0,
  "max_entries_per_round": 10,
  "max_exec_spread_cents": 1.6193923581847693,
  "slippage_cents_per_side": 0.07264891978079893,
  "fee_cents_per_side": 0.03502784311015152,
  "emergency_wide_spread_penalty_ratio": 0.25277914857787637
}
