{
  "profile": "xrp5m_overall_2026_03_14",
  "entry_threshold_base": 0.7575819023940004,
  "entry_threshold_cap": 0.9615721516952305,
  "spread_limit_prob": 0.02288590136402103,
  "entry_edge_prob": 0.06259309494575992,
  "entry_min_potential_cents": 12.370095762634644,
  "entry_max_price_cents": 75.52831419817902,
  "min_hold_ms": 286,
  "stop_loss_cents": 16.127324932603138,
  "reverse_signal_threshold": -0.1770513110145612,
  "reverse_signal_ticks": 2,
  "trail_activate_profit_cents": 24.99799978463737,
  "trail_drawdown_cents": 17.632807444464234,
  "take_profit_near_max_cents": 99.5,
  "endgame_take_profit_cents": 93.1420351179262,
  "endgame_remaining_ms": 24778,
  "liquidity_widen_prob": 0.06143177168730615,
  "cooldown_ms": 2671,
  "max_entries_per_round": 4,
  "max_exec_spread_cents": 1.6807376190292096,
  "slippage_cents_per_side": 0.10036573476058915,
  "emergency_wide_spread_penalty_ratio": 0.2,
  "fee_cents_per_side": 0.0
}
